-- populando/carregando as tabelas do banco de dados bestfood
INSERT INTO tb_recipes VALUES
	(1, 'torta de leite com crosta de miolo de gengibre', 'deliciosa torta de leite', '8'),
    (2, 'mistura de arroz vegetal', 'ótimo para festa de Natal', '8'),
    (3, 'ensopado de porco temperado fácil', 'fácil de fazer e com baixo teor de gordura / baixo teor calórico', '12'),
    (4, 'chá de tangerina', 'um bom chá para os amantes de tangerina', '6'),
    (5, 'sobremesa de oreo incrível', 'isso é fabuloso! uma sobremesa incrível! planeje com antecedência, você precisa congelá-lo por 4 horas para obter um bom conjunto', '9');
INSERT INTO tb_ingredients (id_recipes, ingredients) VALUES
	(1, 'açucar'), (1, 'margarina'), (1, 'ovo'), (1, 'farinha'), (1, 'sal'), (1, 'soro de leite'), (1, 'biscoito de graham'), (1, 'gengibre'),
	(2, 'arroz instantâneo'), (2, 'mistura de sopa de vegetais'), (2, 'flocos de cebola secos'), (2, 'flocos de aipo seco'), (2, 'pimentão vermelho doce'), (2, 'sal'), (2, 'água'), (2, 'manteiga'),
    (3, 'azeite'), (3, 'carne de porco'), (3, 'cebola'), (3, 'dentes de alho'), (3, 'sálvia fresca'), (3, 'pimenta'), (3, 'vinho branco seco'), (3, 'caldo de galinha sem sal'), (3, 'pimenta da Jamaica'), (3, 'molho chileno'), (3, 'molho de adobo'), (3, 'tomate picados'),
    (4, 'água'), (4, 'suco de tangerina'), (4, 'açucar'), (4, 'canela em pó'), (4, 'cravo moído'), (4, 'saquinhos de chá'),
    (5, 'biscoito oreo'), (5, 'manteiga'), (5, 'creme cheese'), (5, 'manteiga de amendoim'), (5, 'açúcar em pó'), (5, 'cobertura batida congelada'), (5, 'copinhos de manteiga de amendoim em miniatura'), (5, 'leite'),(5, 'mistura instantânea de pudim de chocolate');
INSERT INTO tb_nutrition VALUES
	(1, '228.0', '10.0', '98.0', '11.0', '8.0', '8.0', '12.0'),
    (2, '428.7', '6.0', '6.0', '65.0', '17.0', '11.0', '28.0'),
    (3, '306.5', '22.0', '7.0', '3.0', '66.0', '21.0', '1.0'),
    (4, '49.0', '0.0', '49.0', '0.0', '0.0', '0.0', '4.0'),
    (5, '530.1', '50.0', '177.0', '17.0', '14.0', '89.0', '18.0');
INSERT INTO tb_steps (id_recipes, step) VALUES
	(1, 'Pré-aqueça o forno a 176° C'),
    (1, 'Faça a massa da torta; use uma forma de torta de 8 polegadas; não asse'),
    (1, 'Misture o açúcar e a margarina em uma tigela média até misturar bem; bata as claras e o ovo'),
    (1, 'Junte a farinha o sal e o leite até ficar bem misturado'),
    (1, 'Despeje o recheio na crosta preparada; leve ao forno por 40 minutos ou até que uma faca afiada inserida perto do centro saia limpa'),
    (1, 'Polvilhe com noz-moscada e sirva quente ou fria'),
    (1, 'Combine migalhas de graham; migalhas de gengibre e margarina em uma forma de torta de 20 ou 9 polegadas; espalhe a mistura uniformemente no fundo e na lateral da forma'),
    (1, 'Asse por 8 a 10 minutos ou até que a crosta esteja levemente dourada'),
    (1, 'Deixe esfriar na gradinha'),
    (2, 'Em uma tigela; combine os primeiros seis ingredientes'),
    (2, 'misture bem'),
    (2, 'Guarde em um recipiente hermético em local fresco e seco por até 1 ano'),
    (2, 'PARA PREPARAR O ARROZ: Em uma panela misture a água a manteiga e 1 xícara de mistura de arroz'),
    (2, 'Leve para ferver; reduza o calor'),
    (3, 'Aqueça cerca de 1 colher de chá de azeite em uma panela grande ou no forno holandês em fogo médio-alto'),
    (3, 'Adicione a carne de porco e mexa até dourar; cerca de 4 minutos; Se você precisar dourar a carne de porco em lotes pode ser necessário adicionar mais azeite de oliva antes de adicionar mais carne à panela para evitar que queime'),
    (3, 'Transfira a carne de porco para uma tigela'),
    (3, 'Adicione a cebola; o alho e a sálvia à panela e refogue até a cebola ficar macia; cerca de 10 minutos'),
    (3, 'Retorne a carne de porco e todos os sucos para a panela'),
    (3, 'Tempere com pimenta e adicione o resto dos ingredientes'),
    (3, 'Cozinhe em fogo médio até que a carne de porco esteja macia; cerca de 1 hora'),
    (3, 'Sirva com pão para embeber o molho ou com arroz ou macarrão'),
    (4, 'Aqueça a água até ferver em uma panela grande'),
    (4, 'Junte o suco de tangerina; o açúcar; a canela e o cravo'),
    (4, 'Aqueça até ferver'),
    (4, 'Cozinhe e mexa até que o açúcar se dissolva'),
    (4, 'Retire do fogo e adicione saquinhos de chá'),
    (4, 'Deixe em infusão por 3 a 4 minutos'),
    (4, 'Sirva imediatamente'),
    (5, 'Esmague 18 biscoitos; misture com manteiga; pressione no fundo de um prato 9x9 não untado'),
    (5, 'Bata o cream cheese a manteiga de amendoim e 1 xícara de açúcar de confeiteiro até ficar cremoso'),
    (5, 'Misture metade da cobertura batida; espalhar sobre a crosta'),
    (5, 'Polvilhe com as xícaras de manteiga de amendoim picada'),
    (5, 'Na segunda tigela; bata o leite a mistura de pudim e o restante do açúcar de confeiteiro em fogo baixo por 2 minutos'),
    (5, 'Junte a cobertura batida restante'),
    (5, 'Espalhe sobre as xícaras de manteiga de amendoim'),
    (5, 'Esmague os 4 Oreos restantes; polvilhe por cima'),
    (5, 'Cubra e leve à geladeira por 4 horas');	
INSERT INTO tb_tags (id_recipes, tag) VALUES
	(1, 'noite da semana'), (1, 'feita na hora'), (1, 'ingrediente principal'), (1, 'cozinha'), (1, 'preparação'), (1, 'saudável'), (1, 'tortas'), (1, 'ovos'), (1, 'leite'),
    (2, '30 minutos ou menos'), (2, 'prato principal'), (2, 'ocasião especial'), (2, 'evento de feriado'), (2, 'dieta'), (2, 'Natal'), (2, 'misturas para cozinhar'),
    (3, 'outono'), (3, 'adequado para crianças'), (3, 'fácil'), (3, 'ensopados'), (3, 'fogão'), (3, 'picante'), (3, 'comida afetiva'), (3, 'refeição de um prato'), (3, '4 horas ou menos'),
    (4, 'bebidas'), (4, 'rápida para fazer'), (4, '30 minutos ou menos'),
    (5, '15 minutos ou menos'), (5, 'ocasião especial'), (5, 'norte americana'),(5, 'jantar'), (5, 'adequado para crianças'), (5, 'chocolate'), (5, 'gelado');	
